titulo,titulo_original,isbn,segmento_especifico,idioma,encadernacao,formato,paginas,colecao,ano_de_edicao,ano_copyright,edicao,coeditora,outras_informacoes,autores,editora,categoria,sinopse,link
A cor da ternura,NA,9788583921110,NA,Português,Brochura,"14 x 21 x 0,6",96,NA,2017,2017,1ª,NA,NA,Geni Guimaraes,Quinteto Editorial,Juvenil,"Ser pobre e negra trouxe para Geni muitos conflitos interiores. Já adulta, continuou enfrentando barreiras impostas pela sua cor. Para vencê-las, traçou uma meta de vida e chegou lá! Lutou e continua lutando com armas poderosas que adquiriu durante sua vida: amor, carinho, afeto... O mundo seria melhor se os homens deixassem, assim como Geni, que essas poderosas armas brotassem em seus corações?",https://www.travessa.com.br/a-cor-da-ternura-1-ed-2017/artigo/70632c07-18bb-4998-a722-188a6f91ae80
A democracia pode ser assim,Cómo puede ser la democracia,9788575594650,NA,Português,Brochura,18 x 20,52,Livros para o amanha - vol. 1,2015,NA,1ª,NA,NA,Equipo Plantel,Boitatá,Infantil,"A democracia pode ser assim é o primeiro volume da Coleção Livros para o Amanhã, pensada para crianças entre 8 e 10 anos de idade e que discute a maneira como as pessoas se relacionam em sociedade.Este livro apresenta o conceito de democracia a partir de imagens próximas do cotidiano das crianças, tomando como exemplos a hora do recreio e o jogo: atividades em que todos que participam têm de tomar decisões e assimilar suas regras. O texto se propõe a ser uma primeira abordagem à cidadania e a questões sociais, elucidando o que são as eleições, o papel dos partidos políticos e a importância do voto, dos direitos humanos e da informação para a manutenção das liberdades, tornando mais convidativos temas que de início podem intimidar crianças e adultos.Ao final, foram incluídos dois textos informativos e um roteiro com questões para reflexão, ajudando o leitor a assimilar os tópicos abordados. Outro diferencial foi a inclusão de fotos 3x4 enviadas pelos leitores da editora Boitempo nas capas internas deste livro, acréscimo exclusivo para a edição brasileira.",https://www.travessa.com.br/a-democracia-pode-ser-assim-1-ed-2015/artigo/0cea0ab8-9e71-4254-a59f-6823083cfdb9
A ditadura e assim,Así es la dictadura,9788575594667,NA,Português,Brochura,18 x 20,52,Livros para o amanha - vol. 2,2015,2015,1ª,NA,NA,Equipo Plantel,Boitatá,Infantil,"A ditadura é assim é o segundo volume da Coleção Livros para o Amanhã, pensada para crianças entre 8 e 10 anos de idade e que discute a maneira como as pessoas se relacionam em sociedade.O propósito deste livro é mostrar o funcionamento e os perigos da ditadura partindo de exemplos simples, a fim de que as crianças compreendam o problemas existentes em um sistema político que privilegia uma única corrente de pensamento em detrimento das outras. Pode haver liberdade ou justiça em uma ditadura? Para quem? Partindo de questões como essas, o texto guia o leitor à conclusão de que falta cidadania a um Estado que não respeita a diversidade do povo que representa.Em A ditadura é assim também foram acrescentadas duas ilustrações dos ditadores brasileiros Emílio Médici e Ernesto Geisel, feitas especialmente para a edição brasileira pelo artista contemporâneo por Mikel Casal.",https://www.travessa.com.br/a-ditadura-e-assim-1-ed-2015/artigo/6ab4de75-cd2d-4c9c-bdcd-99bcc2dacf97
A ilha do tesouro,L ile au tresor,9788516067175,NA,Português,Brochura,22 x 29,143,NA,2010,2007,1ª,NA,NA,Robert Louis Stevenson,Salamandra,HQ e Desenho Animado,"A vida de Jim Hawkins muda no dia em que um ex-pirata colérico se instala na hospedaria de seu pai. Eles se tornam amigos, mas o velho lobo do mar morre pouco depois. Então Jim descobre na arca do pirata o mapa do tesouro pertencente ao famoso capitão Flint. A caça ao tesouro vai começar.",https://www.travessa.com.br/a-ilha-do-tesouro-1-ed-2010/artigo/c446a24c-8956-41b7-91a3-afc186991722
A ilha do tesouro,L'île au trésor,9788508082322,NA,Português,Brochura,26 x 27,72,O tesouro dos classicos,2002,2001,3ª,NA,NA,Robert Louis Stevenson,Ática,Infantil,Uma mulher encontra na praia um exemplar do livro A ilha do tesouro e tem uma grande surpresa: os personagens saem do papel e ganham vida para contar sobre a busca de um tesouro na Inglaterra do século XVIII.,https://www.travessa.com.br/a-ilha-do-tesouro-3-ed-2002/artigo/d75f21fb-4189-40f9-bde2-f21a4b08b253
A infancia de tarsila do amaral,NA,9788598750378,Literatura,Português,Brochura,21 x 28,32,A infancia de,2009,2004,2ª,NA,NA,Carla Caruso,Callis,Infantil,"Neste livro Carla Caruso apresenta Tarsila do Amaral de forma encantadora: uma menina alegre, que aos poucos vai descobrindo o desenho e a pintura. Junto com belas e importantes obras de Tarsila, esta narrativa nos mostra momentos mágicos de sua infância.",https://www.travessa.com.br/a-infancia-de-tarsila-do-amaral-2-ed-2009/artigo/ca59124f-9028-4342-b5b0-b5af35d6eba9
A louca dos gatos,Herding cats,9788555340567,NA,Português,Capa dura,"16,2 x 19,7 x 1,5",112,NA,2018,2018,1ª,NA,NA,Sarah Andersen,Seguinte,HQ e Desenho Animado,"A terceira coletânea da cartunista Sarah Andersen traz novas tiras que retratam os desafios de ser um jovem adulto num mundo cada vez mais instável.Os quadrinhos de Sarah Andersen são para todos que precisam lidar com níveis de ansiedade cada vez mais alarmantes, que sentem que o mundo está à beira do colapso e que se esforçam para sair ao menos um centimetrozinho da zona de conforto. Ou seja, é basicamente um manual de sobrevivência para os dias de hoje.Além de suas tirinhas sagazes e encantadoras, a autora, que já reuniu mais de 2 milhões de fãs no Facebook, traz também ensaios ilustrados com dicas para os artistas aspirantes aprenderem a lidar com críticas, ignorarem os trolls na internet e não desistirem de mostrar seu trabalho.",https://www.travessa.com.br/a-louca-dos-gatos-1-ed-2018/artigo/718c4e19-e896-4c78-b2a7-94521768cd52
A mecanica do coraçao,La mécanique du coeur,9788501087195,NA,Português,Brochura,"14 x 21 x 1,1",192,NA,2011,2011,1ª,NA,NA,Mathias Malzieu,Galera Record,Juvenil,"Best-seller na França, A mecânica do coração, de Mathias Malzieu, é uma história original, secular e ao mesmo tempo atual, em que humor e poesia caminham juntos. O autor faz um convite a uma reflexão muito pessoal sobre a paixão, os limites do amor verdadeiro e a rejeição. Segundo o jornal britânico The Guardian, “a prosa gótica-punk de Malzieu se destaca... repleta de metáforas impressionantes”. Além de inspirar um disco, a obra ganhará as telas de cinema em animação dirigida por Luc Besson. Edimburgo, 1874. O pequeno Jack nasce na noite mais fria do mundo e seu frágil coração está irremediavelmente congelado. Então, o bebê é submetido a uma operação de emergência. Seu coração é substituído por um relógio de madeira, um pequeno cuco que ajudará a manter o ritmo das batidas e a bombear o sangue normalmente. A delicada prótese garantirá que Jack leve uma vida igual à de todos os outros garotos. Ou quase igual.   Após ser abandonado pela mãe assim que nasceu, Jack tem muita dificuldade pra encontrar alguém que queira adotá-lo, por causa do tique-taque incessante do mecanismo alojado em seu peito. Sendo, então, adotado pela doutora Madeleine, que fez seu parto.Jack é orientado a não se expor às sensações comuns, como a raiva e o desespero, a frustração e o amor. O menor sinal deste último sentimento, o mais perigoso de todos, pode fazer com que o pleno funcionamento do relógio-coração de Jack entre em colapso. Mas tudo irá mudar quando Jack for levado até a cidade pela primeira vez. Ao conhecer uma pequena cantora, os ponteiros de seu relógio apressam-se imediatamente. O despertar deste sentimento pode ser fatal ao menino.",https://www.travessa.com.br/a-mecanica-do-coracao-1-ed-2011/artigo/6f1987c3-c2be-406a-a651-682e0d40db3e
A morte do divino socrates,La mort du divin socrate,9788580630558,NA,Português,Brochura,16 x 24,80,Pequeno filosofo,2012,2012,1ª,NA,NA,Jean Paul Mongin,Martins Fontes - Martins,Infantil,"Sócrates caminhava pelas ruas de Atenas, interpelando quem encontrava à sua frente... Conhece-te a ti mesmo! Não te preocupas com as riquezas, busca a verdade e torna-te filósofo! Isso não agradava aos atenienses. Julgado, Sócrates foi condenado a beber cicuta. Tentará fugir? Um filósofo deve temer a morte?",https://www.travessa.com.br/a-morte-do-divino-socrates-1-ed-2012/artigo/a2c06da9-3792-4638-8ef7-ece9012c0038
A piscina cintilante,NA,9788539503339,NA,Português,Brochura,"15,8 x 23",176,NA,2015,NA,1ª,NA,NA,Odo Hirsch,Fundamento,Infantil,"A família de Darius Bell é a mais tradicional e a mais excêntrica da pequena cidade onde vivem. No passado, os nobres ancestrais dos Bell receberam muitas honras, glórias, terras e até mesmo a casa em que Darius mora com os pais e o irmão. Em retribuição pela Morada Bell, a família deve dar à cidade um presente a cada 25 anos. Só tem um problema: este ano, eles não têm dinheiro para doar algo grandioso e inesquecível. Aliás, eles não têm dinheiro nenhum!Para Darius, o mais importante é conseguir uma maneira de manter o seu lar. Mas como? O que ele pode fazer para ajudar?De uma forma inesperada, Darius e os Bell vão perceber que, com determinação, boas ideias e um pouco de sorte, um momento terrível pode acabar se transformando no melhor de todos!Uma história encantadora, divertida e surpreendente que você precisa ler!Vencedor do Livro do Ano para Jovens Leitores do Children s Book Council of Australia Indicado como um dos Livros Internacionais de Destaque para Crianças e Jovens do USBBY (United States Board of Books for Young People)O charme deste livro é algo que nem crianças nem adultos esquecerão facilmente. O autor conta uma história daquelas que vieram para ficar e vai deixar você querendo mais. Tania McCarney, Australian Women OnlineUma história emocionante e delicada que agrada meninos e meninas. School Librarian",https://www.travessa.com.br/a-piscina-cintilante-1-ed-2015/artigo/9aad41e2-574a-4c05-b34f-3c851e645942
A poesia pede a palavra,NA,9788583820833,NA,Português,Brochura,"14 x 21 x 0,4",56,NA,2019,NA,1ª,NA,NA,"Lalau, Laurabeatriz",Escarlate,Infantil,"Palavras miúdas e simples, como Até, Igual, Talvez, Quem e Se são o ponto de partida para uma obra poética cheia de rimas e metáforas. Da dupla Lalau e Laurabeatriz, que já assinaram 50 livros juntos, todos os 24 poemas do livro falam das coisas simples, bonitas, profundas e complexas da vida. Do vaga-lume que brilha, sozinho, numa noite cheia de estrelas, à constatação ética e poética de que eu, tu, ele, nós, vós e eles somos iguais, afinal de contas. O humor também aparece – se há mais mistério entre o céu e o telescópio, o que há entre o olhar e o caleidoscópio? E, como poesia boa deixa sempre aquele ponto de interrogação dentro da gente, aqui, a certeza fica em dúvida e nasce então um talvez!",https://www.travessa.com.br/a-poesia-pede-a-palavra-1-ed-2019/artigo/86a5e754-bf56-49cb-a7cb-d217e957188d
A princesa que ria rosas e outros contos hungaros,NA,9788574924236,NA,Português,Brochura,"16,3 x 23,8 x 0,5",80,NA,2018,NA,1ª,NA,NA,Susana Ventura,Volta e Meia,Infantil,"Os contos apresentados neste volume foram selecionados das obras de folcloristas e escritores húngaros do século XIX, que coletaram e fixaram um conjunto expressivo de histórias que nos surpreendem pela originalidade. Várias são as fórmulas com as quais se iniciam os contos húngaros e que evocam lugares imaginários e distantes como ‘os sete reinos'', o ‘mar de todas as histórias'' e ‘a montanha de cristal'' e também apelam para antiguidade da história em questão, encontrada escrita num ‘num velho livro, perdido e achado na trigésima sexta prega de uma saia de pregas de uma velha muito velha que guardava todos os velhos livros de uma aldeia''.",https://www.travessa.com.br/a-princesa-que-ria-rosas-e-outros-contos-hungaros-1-ed-2018/artigo/a9082a66-cab4-4d2b-84cc-4be36e1318d5
Abcdelas,NA,9788574068541,NA,Português,Brochura,"21 x 27 x 0,5",64,NA,2019,2019,1ª,NA,NA,Janaina Tokitaka,Companhia das Letrinhas,Infantil,"Conheça a vida de mulheres pioneiras em diferentes profissões neste livro ilustrado e empoderador.Este é um livro abecedário muito diferente. A cada letra, o leitor vai conhecer histórias raras e valiosas de mulheres que revolucionaram seus campos de atuação. Foram essas heroínas do dia a dia que contribuíram para que as mulheres de hoje pudessem trabalhar em diferentes áreas, mesmo em profissões que um dia foram consideradas “masculinas”.Cada história biográfica é apresentada na forma de um pequeno conto muito bem-humorado acompanhado de lindas ilustrações que homenageiam as mulheres retratadas. O leitor será convidado a descobrir a história da aviadora brasileira Anésia Pinheiro Machado, da bióloga inglesa Margaret Elizabeth Fountaine, da chef de cozinha francesa Eugénie Brazier e de tantas outras profissionais incríveis.",https://www.travessa.com.br/abcdelas-1-ed-2019/artigo/b2892b2b-add9-4ed1-8018-2d85acb23f42
Aimo: uma viagem pelo mundo dos orixas,NA,9788555340406,NA,Português,Brochura,"15,7 x 22,5",198,NA,2017,2017,1ª,NA,NA,Reginaldo Prandi,Seguinte,Juvenil,"Imagine se encontrar, de uma hora para a outra, em um mundo totalmente desconhecido onde você não conhece ninguém e ninguém demonstra saber quem você é. É o que acontece com uma menina nascida na África e levada para o Brasil para ser escrava, e que de repente acorda em um lugar estranho, habitado pelos deuses orixás e pelos espíritos dos mortos que aguardam o momento de seu renascimento. Ela não sabe mais o próprio nome nem lembra de sua família — está sozinha e não tem a quem pedir socorro. Por isso, aliás, ganha o nome Aimó, “a menina que ninguém sabe quem é”.Tudo o que ela quer é retornar ao seu mundo de origem, mas para tornar isso possível, Aimó vai partir em uma longa jornada através dos tempos mitológicos, guiada por Exu e Ifá, e vai acompanhar de perto muitas aventuras vividas pelos orixás. Só assim poderá reunir o conhecimento necessário para fazer uma escolha que lhe permita, enfim, voltar para casa.",https://www.travessa.com.br/aimo-uma-viagem-pelo-mundo-dos-orixas-1-ed-2017/artigo/4fcdde6e-0af5-4120-9c65-e90f48829999
Antes depois,Avant après,9788566594294,NA,Português,Capa dura,"17,5 x 25",172,NA,2015,2015,1ª,NA,NA,"Anne-Margot Ramstein, Matthias Aregui",Livros da Raposa Vermelha,Infantil,"Nenhuma palavra é necessária neste livro artístico e bem humorado, em que cada página oferece uma surpresa. Com ilustrações gráficas simples que atrairão até mesmo crianças menores, essa bela reflexão sobre a passagem do tempo também agradará aos adultos. Antes Depois retrata o tempo e sua elasticidade, a evolução, o progresso e também a regressão. Páginas duplas apresentam alguns “antes-depois” quase instantâneos e outros mais distantes. Dois estados da mesma realidade são propostos para objetos, acontecimentos, espaços ou seres vivos separados pelo tempo. O leitor completa com sua imaginação e com palavras o que as imagens sugerem. Nesse sentido o próprio leitor é o autor do texto, ele escreve mentalmente uma das histórias possíveis.",https://www.travessa.com.br/antes-depois-1-ed-2015/artigo/47b54172-b5d3-4efc-8665-5f0ac77fcb31
As cientistas: 50 mulheres que mudaram o mundo,Women in science : 50 fearless pioneers who changed the world,9788521211723,NA,Português,Brochura,"19,7 x 23,8",128,NA,2017,2017,1ª,NA,NA,Rachel Ignotofsky,Blucher,Ciência,"Recheado de ilustrações encantadoras, As cientistas destaca as contribuições de cinquenta mulheres notáveis para os campos da ciência, da tecnologia, da engenharia e da matemática, desde o mundo antigo até o contemporâneo, além de trazer infográficos sobre equipamentos de laboratório, taxas de mulheres que trabalham atualmente em campos da ciência e um glossário científico ilustrado.Entre as perfiladas, estão figuras bem conhecidas, como a primatologista Jane Goodall e a química Marie Curie, e outras nem tanto, como Katherine Johnson, física e matemática afro-americana que calculou a trajetória da missão Apolo 11 de 1969 à lua.As cientistas celebra as realizações das mulheres intrépidas que abriram o caminho para a próxima geração de engenheiras, biólogas, matemáticas, médicas, astronautas, físicas e muito mais!",https://www.travessa.com.br/as-cientistas-50-mulheres-que-mudaram-o-mundo-1-ed-2017/artigo/ca39a9c6-8a38-4ca2-9dd4-3f38f2de35c8
As cronicas de narnia (volume unico),The complete chronicles of narnia,9788578270698,NA,Português,Brochura,15 x 23,751,NA,2005,1950,1ª,NA,NA,C. S. Lewis,Martins Fontes - WMF,Juvenil,"Viagens ao fim do mundo, criaturas fantásticas e batalhas épicas ente o bem e o mal - o que mais um leitor poderia querer de um livro? O livro que tem tudo isso é O leão, a feiticeira e o guarda-roupa, escrito em 1949 por Clive Staples Lewis. Mas Lewis não parou por aí, Seis outros livros vieram depois e, juntos, ficaram conhecidos como As crônicas de Nárnia. Nos últimos cinqüenta anos, As crônicas de Nárnia transcenderam o gênero da fantasia 'para se tornar parte do cânone da literatura clássica. Casa um dos sete livros é uma obra-prima, atraindo o leitor para um mundo em que a magia encontra a realidade, e o resultado é um mundo ficcional que tem fascinado gerações. Esta edição apresenta todas as sete crônicas integralmente, num único volume magnífico. Os livros são apresentados de acordo com a ordem de preferência de Lewis, cada capítulo com uma ilustração do artista original, Pauline Baynes. Enganosamente simples e direta, As crônicas de Nárnia continuam cativando os leitores com aventuras, personagens e fatos que falam a pessoas de todas as idades, mesmo cinqüenta anos após terem sido publicadas pela primeira vez.",https://www.travessa.com.br/as-cronicas-de-narnia-volume-unico-1-ed-2005/artigo/bb80b552-7095-4601-bb0e-38cf8178a697
As palavras voam,NA,9788526018846,NA,Português,Brochura,"13,5 x 24",144,NA,2013,2013,2ª,NA,NA,Cecilia Meireles,Global,Poesia Brasileira,"Composta por 55 poemas, esta obra foi organizada por Bartolomeu Campos de Queirós, poeta e escritor que, como ela, sabia ver beleza na simplicidade e dedicou sua arte aos pequenos e aos nem tão pequenos assim. A seleção de Bartolomeu nos revela a poeta que fala das coisas mais profundas e bonitas da essência humana. Com olhar leve e sincero, Cecília nos ensina a encarar o mundo de frente, um lugar em que não existem apenas flores e passarinhos, mas também lágrimas, noite e escuridão, sem nunca perder a ternura. “Nenhum aspecto a que está sujeita a alma, desde as incertezas até as provisórias verdades, ficou esquecido em sua obra”, diz Bartolomeu na apresentação do livro.As palavras de Cecília Meireles voam e alcançam a todos, independente da idade e da cidade. E, ao final deste livro, vemos tudo com outros olhos, mais maduros e mais sensíveis, capazes de aproveitar a maravilha das pequenas coisas da vida.",https://www.travessa.com.br/as-palavras-voam-2-ed-2013/artigo/75644f88-a031-487e-adae-e2f3fcec5a7b
Balada da estrela e outros poemas,NA,9788593234057,NA,Português,Capa dura,"21,7 x 31,2 x 0,8",56,NA,2019,2019,1ª,NA,NA,Gabriela Mistral,Olho de Vidro,Infantil,"A chilena Gabriela Mistral foi a primeira personalidade da América Latina a conquistar o Nobel de Literatura. Em 1945, ela recebeu a notícia da premiação aqui no Brasil, na cidade de Petrópolis, onde então morava. Este conjunto de poemas oferece aos pequenos leitores brasileiros um primeiro encontro com a sua literatura, há muito tempo ausente das nossas livrarias. Uma poesia musical, cheia de ternura, cheia de vida.",https://www.travessa.com.br/balada-da-estrela-e-outros-poemas-1-ed-2019/artigo/684c19cd-977c-489f-b382-c721bcaec090
Box harry potter tradicional,NA,9786555320473,Fantasia,Português,Brochura,"18 x 21,5 x 13,8",3068,NA,2020,NA,1ª,NA,NA,J. K. Rowling,Rocco,Juvenil,"Esse box especial e inédito é feito para você que gosta das capas tradicionais de Harry Potter. Os sete livros da saga do bruxo mais querido do mundo reunidos num box rígido, com capas em brochura, projeto gráfico baseado nas ilustrações originais de Mary GrandPré e miolo em papel offwhite, o “amarelinho”.A vida do menino Harry Potter não tem um pingo de magia. Ele vive com os tios e o primo, que não gostam nem um pouco dele. O quarto de Harry é, na verdade, um armário sob a escada, e ele nunca comemorou um aniversário sequer em onze anos. Até que, um dia, Harry recebe uma carta misteriosa, entregue por uma coruja: um convite para estudar num lugar incrível chamado Escola de Magia e Bruxaria Hogwarts. Lá ele vai encontrar não só amigos, esportes praticados em vassouras voadoras e magia para todo lado, como também seu destino: ser um aprendiz de feiticeiro até o dia em que terá que enfrentar a pior força do mal, o bruxo que assassinou seus pais. Mas, para isso, Harry precisará passar por uma série de desafios e enfrentar inúmeros perigos. Em sete livros que se tornaram o maior fenômeno editorial de todos os tempos, com mais de 450 milhões de exemplares vendidos e traduções em 78 idiomas, Harry Potter não é exposto apenas a batalhas e feitiços. Ele precisa superar traições, surpresas e, sobretudo, aprender a lidar com os próprios sentimentos. O amor, a amizade e claro, uma boa dose de magia e imaginação, são os elementos-chave para da maior saga bruxa de todos os tempos.",https://www.travessa.com.br/box-harry-potter-tradicional-1-ed-2020/artigo/2d8a8668-25e0-4acc-8238-eeba61bf2919
Cada coisa,NA,9788574067506,NA,Português,Capa dura,"16,2 x 23,2",120,NA,2016,2016,1ª,NA,NA,Eucanaa Ferraz,Companhia das Letrinhas,Infantil,"Nosso dia a dia é cercado pelos mais diversos objetos que, de tão presentes em nossas vidas, passam despercebidos: já parou para olhar bem para um lápis, um caderno ou mesmo um clipe de papel? É isso que o poeta Eucanaã Ferraz faz neste livro, usando esses elementos cotidianos como inspiração para compor belos poemas, que convidam a todos a ver o mundo de um novo jeito.",https://www.travessa.com.br/cada-coisa-1-ed-2016/artigo/ed44f584-362b-4f4f-a41c-eee309d8d81f
Caprichos & relaxos,NA,9788535927306,NA,Português,Brochura,"12,5 x 18",168,Poesia de bolso,2016,2016,1ª,NA,NA,Paulo Leminski,Companhia das Letras,Poesia Brasileira,"Em 1983 Paulo Leminski lançava um livro que se tornaria um best-seller na época e um clássico para as futuras gerações: Caprichos & relaxos. Ali estavam os principais poemas que o curitibano tinha escrito até então, muitos inéditos e outros publicados em edições independentes ou na revista de arte e vanguarda Invenção, encabeçada pelos irmãos Augusto e Haroldo de Campos e por Décio Pignatari. Os pais da poesia concreta no Brasil haviam adotado aquele jovem poeta ilustrado, audacioso e contundente. “Evoé, Leminski!”, dizia Haroldo na contracapa original. “Uma maravilha”, louvava Caetano Veloso. Incluindo uma cronologia inédita, esta obra tão celebrada que integra Toda poesia volta agora em sua forma avulsa às mãos do leitor.",https://www.travessa.com.br/caprichos-relaxos-1-ed-2016/artigo/c5e6e3ad-3037-40df-aebf-750ee4425c09
Carolina: carolina maria de jesus,NA,9786580942053,NA,Português,Brochura,"21 x 28 x 0,3",32,Black power - vol. 5,2019,2019,1ª,NA,NA,Orlando Nilha,MOSTARDA,Infantil,"Esta obra conta a trajetória de Carolina Maria de Jesus, Empregada doméstica, catadora de papel e moradora de favela que, ao lançar o livro “Quarto de despejo: diário de uma favelada”, tornou-se uma das escritoras mais importantes da literatura brasileira.A coleção BLACK POWER apresenta biografias de personalidades negras que marcaram época e se tornaram inspiração e exemplo para as novas gerações. Os textos simples e as belas ilustrações levarão os pequenos leitores a uma viagem repleta de fatos históricos e personagens que se transformaram em símbolo de resistência e superação.Esse livro é voltado para crianças e adolescentes.A ideia é que elas percebam que podem ter representatividade negra desde a infância.",https://www.travessa.com.br/carolina-carolina-maria-de-jesus-1-ed-2019/artigo/6aa84af5-4bdb-40fa-bdc7-a711b0eee546
Chapeuzinho esfarrapado e outros contos feministas do folclore mundial,Tatterhood and other tales,9788555340208,NA,Português,Brochura,14 x 21,248,NA,2016,2016,1ª,NA,NA,Ethel Johnson Phelps,Seguinte,Juvenil,"Quem disse que as mulheres nos contos de fadas são sempre donzelas indefesas, esperando para ser salvas pelo príncipe encantado? Esta coletânea reúne narrativas folclóricas do mundo inteiro — do Peru à África do Sul, da Escócia ao Japão — em que as mulheres são as heroínas das histórias e vencem os desafios com esforço, coragem e muita inteligência.Este livro é para todo mundo que não se identifica com as princesas típicas dos contos de fadas. É para garotas e garotos, para que todos possam aprender que as maiores virtudes de um herói não são exclusivas a um só gênero. Enriquecida com textos de apoio e ilustrações modernas, esta edição é uma fonte inestimável de heroínas multiculturais — e indispensável para qualquer estante.",https://www.travessa.com.br/chapeuzinho-esfarrapado-e-outros-contos-feministas-do-folclore-mundial-1-ed-2016/artigo/370cec7c-1fa6-464c-9071-f3a60d3c9ea6
"Cordel adolescente, o xente!",NA,9788532283894,NA,Português,Brochura,"19 x 26 x 0,4",40,Quero mais,2013,2013,1ª,NA,NA,Sylvia Orthof,Quinteto Editorial,Juvenil,"Doralice é uma garota de 13 anos que vive de contar histórias nas páginas de seus cordéis, que expõe nas feiras do Nordeste. Ela conta a desventura de Bertulina, uma garota que conheceu um cangaceiro que tinha olhos de lonjura e estrelas faiscantes nos dentes do seu sorriso, por quem se apaixonou perdidamente.",https://www.travessa.com.br/cordel-adolescente-o-xente-1-ed-2013/artigo/cb5a66af-745c-4476-980d-5c959f23ac0a
"De repente, nas profundezas do bosque",Suddenly in the depth of the forest,9788535909968,Literatura,Português,Capa flexível,15 x 21,141,NA,2007,2005,1ª,NA,NA,Amos Oz,Seguinte,Juvenil,"Numa pacata aldeia onde não existe bicho algum, seja ele quadrúpede, peixe, réptil, pássaro ou inseto, as crianças são proibidas de entrar no bosque vizinho, onde, segundo os adultos, reina Nehi, o demônio das montanhas. Quem se embrenhou por lá não voltou, ou então voltou avariado. Na escola, a solitária professora Emanuela desenha e descreve os animais que chegou a conhecer em sua infância, mas os alunos riem dela, pois seus pais lhe asseguram que tais seres não passam de lendas malucas e perigosas. Dois dos alunos, porém, não se satisfazem com as explicações dos adultos e resolvem se aventurar pelo bosque para ver com os próprios olhos o que existe lá. Habituado a discutir com originalidade e lucidez, tanto em seus livros como em sua militância pessoal, os grandes dilemas políticos e sociais de nossa época, Amós Oz mergulha aqui no registro da fantasia para tratar de temas como a discriminação, a convivência com o outro e a integração do homem com a natureza. O livro é uma fábula estranha e encantadora sobre a importância da independência de espírito como antídoto à intolerância e ao obscurantismo. Uma fábula, como ele mesmo declarou, para todas as idades.",https://www.travessa.com.br/de-repente-nas-profundezas-do-bosque-1-ed-2007/artigo/d1ed46ec-c49d-4dc7-946e-26cf2b579fd7
Desenhos de um garoto solitario,NA,9788582770924,NA,Português,Brochura,"10,5 x 14,8",128,NA,2015,NA,1ª,NA,NA,Naldo Junio,Farol Literário,Juvenil,"Não, não é um livro de histórias em quadrinhos. Também não é um livro de poesia ou uma pequena novela. São pensamentos, piadas, declarações de amor, raiva, alegria e tristeza, sempre com muito humor e um toque de ironia. Em Desenhos de um garoto solitário, estão reunidas as artes feitas por Naldo Junio, um jovem de Goiânia que começou a desenhar e resolveu compartilhar seus desenhos nas redes sociais, tendo hoje mais de 850 mil seguidores! Agora seu personagem sai do mundo virtual para ganhar as estantes e espalhar muitas risadas por aí!",https://www.travessa.com.br/desenhos-de-um-garoto-solitario-1-ed-2015/artigo/055c0233-c824-4bb5-a4ec-e35c65c691a8
Dois meninos de kakuma,NA,9788595760066,NA,Português,Brochura,"18,5 x 26",72,NA,2018,NA,1ª,NA,NA,Marie Ange Bordas,Pulo do Gato,Infantil,"Geedi e Deng são amigos inseparáveis. Geedi é somali, Deng, sudanês. Companheiros de vida e sonhos, inquietações e dúvidas sobre o futuro, os dois vivem em Kakuma, um dos maiores campos de refugiados do mundo.Geedi tem 12 anos e não imagina como é a vida fora desse enorme campo em que vive com a mãe e irmã. Deng chegou sozinho a Kakuma, ainda menino, fugindo da guerra que devastava seu país.Os dois assistem aos adultos de diferentes nacionalidades sobreviverem na esperança de voltarem para a sua pátria ou serem acolhidos por algum país onde possam reconstruir suas vidas. E se perguntam o tempo todo: Por que estamos aqui? Por que estes conflitos nunca acabam? Qual futuro nos aguarda?Dois meninos de Kakuma foi criado a partir da convivência e do trabalho desenvolvido por Marie Ange Bordas com crianças e jovens do campo de refugiados de Kakuma, no Quênia, que hoje abriga quase 200 mil pessoas de 15 nacionalidades diferentes.A narrativa ficcional sobre a vida real conta com foto-ilustrações e fotografias da própria autora, levando o leitor a entrar em contato e a refletir sobre um tema urgente da atualidade: as gerações de crianças que nascem e se tornam adultas em campos de refugiados. Milhares e milhares de vidas invisíveis em suspenso, à espera de soluções para os inúmeros conflitos que fizeram com que se deslocassem pelo mundo.",https://www.travessa.com.br/dois-meninos-de-kakuma-1-ed-2018/artigo/b5c021e5-dd54-48b8-9b4d-52a9ab62fd7e
Ei! Tem alguem ai?,Hello? Er det noen her?,9788585466961,NA,Português,Brochura,14 x 21,128,NA,1997,1996,1ª,NA,Livro vencedor do prêmio FNLIJ 1997,Jostein Gaarder,Companhia das Letrinhas,Infantil,"Essa é a história de um menino de oito anos que vai ganhar um irmãozinho. Enquanto espera os pais voltarem da maternidade, ele recebe a visita de Mika, uma espécie de pequeno príncipe que parece de outro planeta. Os dois são muito diferentes, mas são muito parecidos também. Passam 24 horas juntos e conversam sobre temas interessantes como a origem da vida, os princípios da evolução e a extinção dos dinossauros. Quando Mika vai embora e os pais voltam com o bebê, o irmão mais velho sabe, de algum modo, que sua casa tem espaço para o novo habitante.Título Altamente Recomendável pela Fundação Nacional do Livro Infantil e Juvenil - FNLIJ 1997, categoria tradução/jovem",https://www.travessa.com.br/ei-tem-alguem-ai-1-ed-1997/artigo/3c257d1e-2bc7-4a12-b898-3f9bb1f5f5a9
Entao,NA,9788577533664,NA,Português,Brochura,"14 x 21 x 1,6",192,NA,2019,2019,1ª,NA,NA,Morris Gleitzman,Paz e Terra,Juvenil,"A continuação de Uma vez, a história contada através do olhar inocente e criativo de Felix, uma criança de 10 anos que tenta sobreviver em meio aos horrores do Holocausto.Felix é um daqueles personagens que ficam na memória. Um menino de 10 anos, criativo e esperto, que tenta sobreviver em meio a um dos mais cruéis episódios da história da humanidade: o Holocausto. Sua história começou a ser contada no livro Uma vez, ao descobrir que foi deixado pelos pais em um orfanato e resolve fugir, na tentativa de reencontrar a família. No meio do caminho, além de muitos sustos e perigos, Felix encontra Zelda, uma menina de 6 anos que ele salva de um incêndio.Neste vollume, Felix e Zelda, depois de fugirem de um trem que leva judeus para um campo de concentração na Polônia, precisam de coragem, criatividade e sorte para não serem pegos pelos nazistas nem morrerem de fome ou frio. Este é um livro que evoca emoção e ternura ao narrar, do ponto de vista infantil, as dificuldades de quem lutou para sobreviver ao Holocausto.Então parte do desejo de incluir um exemplo realmente notável: a história de pessoas dispostas a arriscar tudo para oferecer amizade e proteção a um estranho. O primeiro volume da série recebeu Prêmio da Fundação Nacional do Livro Infantil e Juvenil (FNLIJ) 2018, categoria Tradução/Adaptação Jovem.",https://www.travessa.com.br/entao-1-ed-2019/artigo/f333c884-fb64-4a29-a143-dea4bc70f067
Extraordinarias: mulheres que revolucionaram o brasil,NA,9788555340611,NA,Português,Brochura,20 x 25,208,NA,2017,2017,1ª,NA,NA,"Duda Porto de Souza, Aryane Cararo",Seguinte,Juvenil,"Dandara foi uma guerreira fundamental para o Quilombo dos Palmares. Niède Guidon descobriu os registros rupestres mais importantes do nosso território. Indianara Siqueira é uma das lideranças mais atuantes da comunidade trans.Essas e muitas outras brasileiras impactaram a nossa história e, indiretamente, a nossa vida, mas raramente aparecem nos livros. Este volume, resultado de uma extensa pesquisa, chega para trazer o reconhecimento que elas merecem. Aqui, você vai encontrar perfis de revolucionárias de etnias e regiões variadas, que viveram desde o século XVI até a atualidade, e conhecer os retratos de cada uma delas, feitos por artistas brasileiras.O que todas essas mulheres têm em comum? A força extraordinária para lutar por seus ideais e transformar o Brasil.",https://www.travessa.com.br/extraordinarias-mulheres-que-revolucionaram-o-brasil-1-ed-2017/artigo/3ceffff4-bde0-4613-a02e-97d941002c92
Fernando pessoa: poemas para crianças,NA,9788599102763,Poesia,Português,Brochura,25 x 21,40,NA,2007,2007,1ª,NA,NA,Fernando Pessoa,Martins,Infantil,"Várias gerações foram conquistadas pela poesia de Fernando Pessoa e dos seus heterônimos, mas poucos se lembram que ele escreveu poemas para crianças. Neste livro, estão reunidos poemas que o autor fez especificamente para sua sobrinha Manuela - ou para a boneca de Manuela, Lili - e alguns que podem ser lidos por toda criança sensível à beleza do verso e das imagens.Com seleção e apresentação do poeta Alexei Bueno, e ilustrações de Lu Martins, a presente edição revela mais esta face de um dos mais importantes poeta em língua portuguesa.",https://www.travessa.com.br/fernando-pessoa-poemas-para-criancas-1-ed-2007/artigo/cdb5ee3c-91ce-4c69-b523-3a93ceecdf13
Frankenstein,"Frankenstein, or the modern prometheus",9788571643987,NA,Português,Brochura,12 x 21,136,NA,1994,1994,1ª,NA,NA,Mary Shelley,Seguinte,Juvenil,"Eles o escorraçavam de todos os ambientes como se ele fosse um monstro. Ninguém queria saber de seus sentimentos, nem ligava para o fato de que talvez ele tivesse uma alma. Foi então que ele começou a matar.Bem, vamos ser justos: ele era mesmo um monstro, mas tinha motivos para isso. E foram esses motivos que o tornaram o personagem mais importante da literatura de horror.",https://www.travessa.com.br/frankenstein-1-ed-1994/artigo/4afc186e-8bd4-4f7d-a283-f58794587fa9
Frida kahlo: uma biografia,"Frida kahlo, una biografia",9788525436849,NA,Português,Brochura,"15,8 x 23 x 1",152,NA,2018,2016,2ª,NA,NA,Maria Hesse,L&PM,Biografias e Memórias,"Uma artista cheia de vida, uma vida cheia de coresA mexicana Frida Kahlo é hoje uma das artistas mais populares do mundo todo. Seus quadros atingem valores recordes, e seu rosto é reconhecido em todo o planeta. Sua curta vida, entretanto, foi fascinante e cheia de acontecimentos.E não é para menos. Frida teve de lidar desde muito cedo com uma deficiência física congênita, e, adolescente, sofreu o conhecido acidente que quase a matou e a deixou meses numa cama, onde então começou a pintar quadros deitada, muitos deles autorretratos. Apesar da saúde fragilizada, seguiu em frente e casou-se com o grande pintor Diego Rivera, vinte anos mais velho, com quem teve uma relação intensa e turbulenta: “Sofri dois acidentes graves na vida, um em que um ônibus me jogou no chão… Outro acidente é o Diego”. Bebeu na fonte da riquíssima cultura tradicional mexicana e com roupas longas e coloridas disfarçou seu passo manco, reinventando-se constantemente como mulher e artista. Sofreu vários abortos, viu frustrado o seu desejo de ser mãe, viveu traições indizíveis, teve muitos amores – inclusive mulheres –, foi feminista numa América Latina machista, amante de Trotski, de cujo assassinato chegou a ser suspeita, e ganhou o mundo com sua arte e sua história.María Hesse, artista gráfica espanhola, nos brinda aqui com uma lindíssima biografia ilustrada que apresenta, entretecidas, a vida e a obra de Frida Kahlo, incluindo trechos de seus diários, cartas e depoimentos. O livro revela as dores e as delícias de sua existência, mas também como usou a arte para vencer as limitações que as condições lhe impunham e reinventar o próprio existir. O resultado é uma obra poética, lapidar, que dá voz a uma das figuras mais interessantes do século XX.",https://www.travessa.com.br/frida-kahlo-uma-biografia-2-ed-2018/artigo/c467b0fe-92c0-477d-96a7-451a7459eea3
Haroun e o mar de historias,Haroun and the sea of stories,9788535916980,NA,Português,Brochura,"12,5 x 18",184,NA,2010,1990,1ª,NA,NA,Salman Rushdie,Companhia de Bolso,Literatura Estrangeira,"Rashid, um contador de histórias profissional, é o próprio “mar de ideias”. Um dia, porém, ele perde o dom da palavra, e com isso perde também seu ganha-pão e toda a alegria de viver. É então que seu filho Haroun descobre que toda história vem de um grande mar de histórias, o que o faz entregar-se à fantástica aventura de ir em busca das palavras. Escapando de muitos perigos, Haroun conseguirá vencer as tenebrosas forças da escuridão e do silêncio. Uma narrativa bem-humorada, uma defesa da criação, da fantasia e da liberdade, uma celebração da alegria de contar histórias e do prazer de ouvi-las.",https://www.travessa.com.br/haroun-e-o-mar-de-historias-1-ed-2010/artigo/4ad3e25a-6f9b-4c23-89ce-075dbe8ee038
Heroinas negras brasileiras em 15 cordeis,NA,9788555341120,NA,Português,Brochura,"12 x 21 x 1,3",176,NA,2020,2020,1ª,NA,NA,Jarid Arraes,Seguinte,Juvenil,"Em nova edição, esta coletânea resgata — e celebra — a memória de quinze mulheres negras que marcaram nossa história, em formato de cordel. Talvez você já tenha ouvido falar de Dandara e Carolina Maria de Jesus. Mas e Eva Maria do Bonsucesso? Luisa Mahin? Na Agontimé? Tia Ciata? Essas (e tantas outras) mulheres negras foram verdadeiras heroínas brasileiras, mas pouco se fala delas, seja na escola ou nos meios de comunicação. Diante desse apagamento, há anos a escritora Jarid Arraes tem se dedicado a recuperar — e recontar — suas histórias. O resultado é uma coleção de cordéis que resgata a memória dessas personagens, que lutaram pela sua liberdade e seus direitos, reivindicaram seu espaço na política e nas artes, levantaram sua voz contra a injustiça e a opressão. A multiplicidade de histórias revela as mais diversas estratégias de sobrevivência e resistência, seja na linha de frente — como Tereza de Benguela, que liderou o quilombo de Quariterê — ou pelas brechas — como a quituteira Luisa Mahin, que transmitia bilhetes secretos durante a Revolta dos Malês. Este livro reúne quinze dessas histórias impressionantes, ilustradas por Gabriela Pires. Agora, cabe a você conhecê-las, espalhá-las, celebrá-las. Para que as próximas gerações possam crescer com seu próprio panteão de heroínas negras brasileiras. Conheça a história de: Antonieta de Barros - Aqualtune - Carolina Maria de Jesus - Dandara - Esperança Garcia - Eva Maria do Bonsucesso - Laudelina de Campos - Luisa Mahin - Maria Felipa - Maria Firmina - Mariana Crioula - Na Agontimé - Tereza de Benguela - Tia Ciata - Zacimba Gaba",https://www.travessa.com.br/heroinas-negras-brasileiras-em-15-cordeis-1-ed-2020/artigo/3467eae1-c661-4d4f-8573-bb97a66edeaa
Historias da preta,NA,9788574062426,Literatura,Português,Brochura,"20 x 26 x 0,3",64,NA,2005,1998,2ª,NA,NA,Heloisa Pires Lima,Companhia das Letrinhas,Infantil,"Reunindo informação histórica, reflexão intelectual, estímulos ao exercício da cidadania e historinhas propriamente ditas (tiradas da mitologia africana, por exemplo), a autora fala sobre a população negra no Brasil, com a experiência de quem já foi alvo de racismo.As Histórias da Preta falam de um povo que veio para o Brasil à força. Homens, mulheres e crianças escravizadas, distantes de suas terras, foram obrigadas a exercer todo tipo de trabalho. Perderam toda a liberdade, sofreram muito. No entanto, sobreviveram à escravidão e acabaram fazendo do Brasil sua segunda casa. Como é ser negro neste país? Faz diferença ou tanto faz? Reunindo informação histórica, reflexão intelectual, estímulos ao exercício da cidadania e historinhas propriamente ditas (tiradas da mitologia africana, por exemplo), a autora fala sobre a população negra no Brasil, com a experiência de quem já foi alvo de racismo.A obra recebeu os prêmios Adolfo Aizen e José Cabassa pela União Brasileira de Escritores (UBE, 1999), o selo Altamente Recomendável pela Fundação Nacional do Livro Infanto Juvenil,FNLIJ 1998, categoria informativo. Também foi selecionado para o Brazilian Book Magazine para na Feira do Livro de Bolonha (1999).",https://www.travessa.com.br/historias-da-preta-2-ed-2005/artigo/8989fac9-f059-47fe-ae9d-6dee14784377
Historias guardadas pelo rio,NA,9788541820400,NA,Português,Brochura,"15,5 x 23",64,NA,2018,NA,1ª,NA,NA,Lucia Hiratsuka,Edições SM,Juvenil,"Por mais que tente, Pedro não consegue pescar histórias no rio. E essa é uma prática comum em sua cidade: dos pescadores que as pescam e as negociam, aos moradores de variadas idades que as recolhem das águas e depois as trocam, as presenteiam, as colecionam, bordam- nas linha por linha… Inconformado com o fato de não conseguir pescá-las, o jovem empreenderá uma busca sobre o segredo dessa arte de pesca, cuja resposta está guardada nas águas do rio.",https://www.travessa.com.br/historias-guardadas-pelo-rio-1-ed-2018/artigo/a4343323-91f1-46d4-85f5-d57fe728ba97
Luna clara & apolo onze,NA,9788516123734,NA,Português,Brochura,"15,5 x 22,5 x 2,5",296,NA,2020,2020,4ª,NA,NA,Adriana Falcao,Salamandra,Juvenil,"Desencontros levam os pais de Luna Clara - Doravante e Aventura - a se perder e a se encontrar. O avô da menina, Erudito, perde as histórias que havia colecionado e também o papagaio. As tias perdem os namorados. Em um constante ir e vir, na região de Desatino do Norte, as vidas de Luna Clara e Apolo Onze acabam se cruzando.",https://www.travessa.com.br/luna-clara-apolo-onze-4-ed-2020/artigo/5d09cfc8-a933-45b3-a291-374840edd1ec
Malala: minha historia em defesa dos direitos das meninas,Malala: my story of standing up for girls' rights,9788555341236,NA,Português,Brochura,"13,6 x 19,3 x 1,1",200,NA,2020,2018,1ª,NA,NA,"Malala Yousafzai, Patricia Mccormick",Seguinte,Juvenil,"A autobiografia da mais jovem ganhadora do prêmio Nobel da paz, em edição ilustrada e adaptada, para leitores de 8 a 12 anos. Antes de se tornar uma ativista conhecida no mundo inteiro, Malala era apenas uma garota que lutava por aquilo em que acreditava. Quando a região onde morava, no Paquistão, foi dominada pelo Talibã e as meninas foram proibidas de ir à escola, Malala arriscou a vida para defender o direito à educação. Nesta edição adaptada de suas memórias — enriquecida com ilustrações, glossário e linha do tempo —, você vai conhecer a história impressionante de uma jovem que se recusou a ficar em silêncio. Com suas próprias palavras, Malala nos mostra a importância de combater o ódio e o extremismo, e nos traz uma mensagem inspiradora de determinação e esperança. """,https://www.travessa.com.br/malala-minha-historia-em-defesa-dos-direitos-das-meninas-1-ed-2020/artigo/5be738fc-2661-4d79-a435-04e77a3911f1
"Mapas: uma viagem deslumbrante pelas terras, mares e culturas do mundo",Mapy,9788546903030,NA,Português,Capa dura,"27,7 x 37,7 x 1,6",118,NA,2020,2017,2ª,NA,NA,"Aleksandra Mizielinska, Daniel Mizielinski",Martins Fontes - WMF,Infantil,"Uma incrível viagem ao redor do mundo. Você verá as múmias do Egito, as cidades maias do México e os pinguins da Antártida. Na Inglaterra poderá jogar críquete e, na China, experimentar os ovos centenários. Na Austrália vai conhecer o ornitorrinco; na Finlândia, a noite polar; e em Fiji poderá nadar em alguma de suas 200 ilhas.Descubra os lugares mais surpreendentes da Terra e desfrute toda a sua diversidade. São 55 mapas em página dupla de 46 países e 6 continentes. Mais de 4 mil ilustrações minuciosas, das mais altas montanhas aos minúsculos insetos. Um maravilhoso livro ilustrado para leitores curiosos e inquietos, com mais de 10 prêmios internacionais.",https://www.travessa.com.br/mapas-uma-viagem-deslumbrante-pelas-terras-mares-e-culturas-do-mundo-2-ed-2020/artigo/708d367f-b882-4923-8dc3-5f34f5f31ffe
Mogli: o menino lobo,The jungle book,9788546900404,NA,Português,Brochura,17 x 24,NA,NA,2016,NA,96ª,NA,NA,Rudyard Kipling,Martins Fontes - WMF,Infantil,"Tendo como cenário a Índia Central, a história de Mogli, o menino criado por uma alcateia de lobos, é cheia de ação, aventura e amizade. Ao longo de sua jornada, para provar que merece ser respeitado pela Lei da Selva, ele encontra personagens memoráveis, como o perverso tigre Shere Khan, a sábia pantera-negra, Baguera, e o afável urso Balu.",https://www.travessa.com.br/mogli-o-menino-lobo-96-ed-2016/artigo/dd2f6789-2fb8-42fb-9758-e2c2e8f2f70b
"Mulheres na luta: 150 anos em busca de liberdade, igualdade e sororidade","Kvinner i kamp:150 års kamp for frihet, likhet, søsterskap!",9788555340802,Estudos de genero,Português,Capa dura,"20,4 x 27,7 x 1,2",128,NA,2019,2018,1ª,NA,NA,"Marta Breen, Jenny Jordahl",Seguinte,HQ e Desenho Animado,"O movimento feminista em quadrinhos, para jovens e adultos.Há 150 anos, a vida das mulheres era muito diferente: elas não podiam tomar decisões sobre seu corpo, votar ou ganhar o próprio dinheiro. Quando nasciam, os pais estavam no comando; depois, os maridos. O cenário só começou a mudar quando elas passaram a se organizar e a lutar por liberdade e igualdade.Neste livro, Marta Breen e Jenny Jordahl destacam batalhas históricas das mulheres — pelo direito à educação, pela participação na política, pelo uso de contraceptivos, por igualdade no mercado de trabalho, entre várias outras —, relacionando-as a diversos movimentos sociais. O resultado é um rico panorama da luta feminista, que mostra o avanço que já foi feito — e tudo o que ainda precisamos conquistar.",https://www.travessa.com.br/mulheres-na-luta-150-anos-em-busca-de-liberdade-igualdade-e-sororidade-1-ed-2019/artigo/59f4da70-11f1-49bf-bcff-49d6d7f1c884
Ninguem vira adulto de verdade,Adulthood is a myth,9788555340215,NA,Português,Capa dura,"16 x 19,7",114,NA,2016,2016,1ª,NA,NA,Sarah Andersen,Seguinte,HQ e Desenho Animado,"As tirinhas certeiras de Sarah Andersen, que já contam com mais de 1 milhão de fãs no Facebook, registram lindos fins de semana passados de pernas pro ar na internet, a agonia de andar de mãos dadas com alguém de quem estamos a fim (e se os dedos ficarem suados?!), a longa espera diária para chegar em casa e vestir o pijama, e a eterna dúvida de quando, exatamente, a vida adulta começa. Em outras palavras, este livro é sobre as estranhezas e peculiaridades de ser um jovem adulto na vida moderna. A sinceridade com que Sarah Andersen lida com temas como autoestima, timidez, relacionamentos e a frequência com que lavamos o sutiã torna impossível não se identificar com esses quadrinhos hilários e carismáticos.",https://www.travessa.com.br/ninguem-vira-adulto-de-verdade-1-ed-2016/artigo/8ae35bf0-f516-49c3-9af5-9d6724c4572e
Nos: uma antologia de literatura indigena,NA,9788574068640,NA,Português,Brochura,"15,5 x 22,2 x 1",128,NA,2019,2019,1ª,NA,NA,Mauricio Negro,Companhia das Letrinhas,Infantil,"Nesta belíssima antologia ilustrada, o leitor vai conhecer dez histórias contadas ou recontadas por escritores de diferentes nações indígenas.A menina Yacy-May era tão especial que fez com que o sol se apaixonasse por ela, deixando a lua enciumada. O peixe-boi surgiu a partir da união de Guaporé, filho do grande chefe dos peixes, com Panãby’piã, filha do governante dos Maraguá, e sinalizou a paz entre os humanos e os peixes. A velha misteriosa Pelenosamo tem um dia a casa invadida por uma garota curiosa, que resolve investigar o que ela fazia com os galhos secos que sempre levava recolhia e não dividia com ninguém. Essas são algumas prévias das histórias reunidas nesta antologia, contadas ou recontadas por escritores das nações indígenas Mebengôkre Kayapó, Saterê-Mawé, Maraguá, Pirá-Tapuya Waíkhana, Balatiponé Umutina, Desana, Guarani Mbyá, Krenak e Kurâ Bakairi. Tratando dos mais diversos temas — dos mitos de origem às histórias de amor impossível —, as narrativas conduzem o leitor por situações e desenlaces muito próprios, sempre acompanhadas por um glossário e um texto informativo sobre o povo indígena de origem de cada autor. Esta é uma chance preciosa para todos aqueles que desejam entrar em contato com as raízes mais profundas de nossa cultura, ainda pouco valorizadas e respeitadas, por puro desconhecimento.",https://www.travessa.com.br/nos-uma-antologia-de-literatura-indigena-1-ed-2019/artigo/a46d883a-5649-47d3-9ac1-7a60c572627f
O caderno da avo clara,NA,9788582055960,NA,Português,Brochura,"15,8 x 22,9",152,NA,2016,NA,1ª,NA,NA,Susana Ventura,SESI SP,Infantil,"Mudança pode ser bom, mas contra vontade é de matar! É isso que pensa Mari, uma adolescente de 13 anos, deixada pela mãe na companhia de um pai que é um desconhecido completo e que, ainda por cima, mora num lugar distante. Surpreendentes encontros levam a garota a travar uma aventura sensível, delicada e intelectiva, a partir do encontro dela com o caderno da avó e da descoberta da arte de Portinari. O caderno da avó Clara é um convite para conhecer um universo de histórias intrigantes que parecem capazes de iluminar o presente de Mari, uma heroína valente e moderna, que enfrenta desafios munida de um bom sinal de internet e um ótimo senso de humor.",https://www.travessa.com.br/o-caderno-da-avo-clara-1-ed-2016/artigo/5226a3df-cca1-46e8-b90a-8c4ec8be4c6a
O coraçao as vezes para de bater,NA,9788579801785,NA,Português,Brochura,14 x 21,80,NA,2013,2013,1ª,NA,NA,Adriana Lisboa,Rocco Jovens Leitores,Juvenil,"Novela juvenil de Adriana Lisboa que inspirou um curta-metragem homônimo dirigido por Maria Camargo, O coração às vezes para de bater é o desabafo em forma de carta de um garoto de 15 anos que escreve para um amigo hospitalizado. Vindos de contextos sociais diferentes, os dois são cariocas e dividem a paixão pelo skate. Em flashes curtos, rápidos e precisos, o protagonista faz um inventário das alegrias e tristezas de um adolescente brasileiro dos dias de hoje, entre elas as dificuldades com a família, as relações sociais numa cidade como o Rio de Janeiro e a descoberta do amor.",https://www.travessa.com.br/o-coracao-as-vezes-para-de-bater-1-ed-2013/artigo/ef4e2031-a4a1-4985-9e8e-6d6cd38f3b1a
O escaravelho do diabo,NA,9788508173532,NA,Português,Brochura,"13,5 x 18,5",192,Vaga-lume,2015,NA,1ª,NA,NA,Lucia Machado de Almeida,Ática,Juvenil,O moço estava quase convencido de que a morte de seu irmão tinha relação com a de Clarence. Se bem que em vida ambos se ignorassem reciprocamente havia uma ligação íntima qualquer a uni-los na morte.,https://www.travessa.com.br/o-escaravelho-do-diabo-1-ed-2015/artigo/690a38ee-7966-4117-b576-9e9a43453c39
O livro dos ressignificados,NA,9788584390816,NA,Português,Brochura,14 x 21,216,NA,2017,2017,1ª,NA,NA,Akapoeta,Paralela,Poesia Brasileira,"Antes aprisionadas na formalidade dos dicionários, palavras como “girassol”, “Deus”, “sonho”, “tatuagem”, “cafuné” e muitas outras são libertadas por João Doederlein — que assina com o pseudônimo Akapoeta — neste seu primeiro livro. Elas são repensadas a partir das experiências pessoais do autor, de vinte anos, e de sua geração, mesclando romantismo bem resolvido, paixão, isolamento e um dia a dia que respira tecnologia e cultura pop.Combinando textos que se tornaram sucesso nas redes sociais com material inédito, o autor acha novos significados para os signos do zodíaco, para clichês indispensáveis como “paixão” e “saudade” e para as atualíssimas “match” e “crush”. Uma história de amor correspondido entre um jovem e sua musa — a escrita.",https://www.travessa.com.br/o-livro-dos-ressignificados-1-ed-2017/artigo/14388fb1-a7dc-40a8-b5fd-9208fda3fbc2
O medico e o monstro,NA,9788508082377,NA,Português,NA,NA,NA,O tesouro dos classicos,NA,NA,NA,NA,NA,Robert Louis Stevenson,Ática,Infantil,Sinopse não disponível.,https://www.travessa.com.br/o-medico-e-o-monstro/artigo/62e571aa-eb7a-4192-8e5d-737542e24179
O medo e o mar,NA,9788535914689,Literatura,Português,Brochura,14 x 21,144,NA,2009,2009,1ª,NA,NA,Maria Camargo,Seguinte,Juvenil,"Dois anos após a morte da mulher num acidente no mar, Rodrigo e os filhos, Stela e Miguel, voltam a Paraty, no litoral do Rio de Janeiro. Tudo na casa está como da última vez: baralho amontoado na mesa, panelas no escorredor e um frasco de repelente caído no chão. Disposto a seguir em frente, Rodrigo retoma suas aulas de mergulho e contrata a bela e misteriosa Bárbara como babá. Stela, inconformada com a morte da mãe, não entende por que voltar ao lugar do trágico acidente. Miguel, agora com oito anos, pouco se lembra da figura materna, mas carrega no pescoço uma chave que foi encontrada com ela na baía de Paraty.O que seria uma reconciliação com o passado ganha contornos aventurescos graças a uma sucessão de acontecimentosinexplicáveis. O menino vê pessoas que ninguém mais enxerga. Bárbara faz biscoitos de canela idênticos aos da mãe.Nas ruas da cidade uma velha observa os irmãos de modo enigmático. E a chave emite uma luz esbranquiçada.O que os dois jovens heróis irão descobrir é que há muita gente interessada no retorno da família, em especial nachave, que guarda um segredo de duzentos anos. O medo e o mar é um livro de aventura em que os protagonistas devemsuperar os próprios temores para conseguir desvendar o mistério por trás desses estranhos acontecimentos.",https://www.travessa.com.br/o-medo-e-o-mar-1-ed-2009/artigo/bc8ea036-87f4-435b-b6ef-3d640a0b40a5
O menino do pijama listrado (ediçao comemorativa),The boy in the tripped pyjamas,9788555340482,NA,Português,Capa dura,"16,5 x 23,7",326,NA,2017,2016,1ª,NA,NA,John Boyne,Seguinte,Juvenil,"Bruno tem nove anos e não sabe nada sobre o Holocausto e a Solução Final contra os judeus. Também não faz ideia que seu país está em guerra com boa parte da Europa, e muito menos que sua família está envolvida no conflito. Na verdade, Bruno sabe apenas que foi obrigado a abandonar a espaçosa casa em que vivia em Berlim e a mudar-se para uma região desolada, onde ele não tem ninguém para brincar nem nada para fazer. Da janela do quarto, Bruno pode ver uma cerca, e para além dela centenas de pessoas de pijama, que sempre o deixam com frio na barriga.Em uma de suas andanças Bruno conhece Shmuel, um garoto do outro lado da cerca que curiosamente nasceu no mesmo dia que ele. Conforme a amizade dos dois se intensifica, Bruno vai aos poucos tentando elucidar o mistério que ronda as atividades de seu pai. O menino do pijama listrado é uma fábula sobre amizade em tempos de guerra, e sobre o que acontece quando a inocência é colocada diante de um monstro terrível e inimaginável.Esta edição de luxo, que comemora os dez anos de lançamento da obra, traz uma introdução inédita do autor e ilustrações do premiado artista Oliver Jeffers.""Um livro maravilhoso."" - The Guardian""Intenso e perturbador [...], pode se tornar uma introdução tão memorável ao tema como O diário de Anne Frank foi em sua época."" - USA Today""Um livro tão simples e tão bem escrito que beira a perfeição."" - The Irish Independent",https://www.travessa.com.br/o-menino-do-pijama-listrado-edicao-comemorativa/artigo/319858b4-4fce-4291-8798-95d092ba3f12
O menino que caiu no buraco,NA,9788598457215,NA,Português,Brochura,12 x 19,112,Barco a vapor - serie laranja - vol. 2,2004,2004,1ª,NA,NA,Ivan Jaf,Edições SM,Infantil,"Um garoto de 13 anos passa por dificuldades emocionais porque seu pai está triste e não tem forças para levantar da cama há um ano. Certo dia, a caminho da escola, ele cai num buraco fundo e escuro. Apavorado, tenta descobrir uma forma de sair de lá. Enquanto isso, a noite chega, e ele precisa aprender a lidar com seus medos. A história aborda temas como depressão, solidão e desafios do crescimento.",https://www.travessa.com.br/o-menino-que-caiu-no-buraco-1-ed-2004/artigo/d2152c31-c781-44cf-96a6-6d4732c0270a
O meu pe de laranja lima,NA,9788506086896,NA,Português,Brochura,"13,6 x 21 x 1,4",232,NA,2019,2019,4ª,NA,NA,Jose Mauro de Vasconcelos,Melhoramentos,Juvenil,"Um clássico da literatura brasileira, com adaptações para a televisão, o cinema e o teatro, O Meu Pé de Laranja Lima é desses livros que marcam época. Lançado em 1968, trata-se de uma história fortemente autobiográfica, que demonstra a mão de um escritor experiente, ciente do efeito que pode provocar nos leitores com suas cenas e a composição de seus personagens.O protagonista Zezé tem 6 anos e mora num bairro modesto, na zona norte do Rio de Janeiro. O pai está desempregado, e a família passa por dificuldades. O menino vive aprontando, sem jamais se conformar com as limitações que o mundo lhe impõe – viaja com sua imaginação, brinca, explora, descobre, responde aos adultos, mete-se em confusões, causa pequenos desastres.As surras que lhe aplicam seu pai e sua irmã mais velha são seu suplício, a ponto de fazê-lo querer desistir da vida. No entanto, o apego ao mundo que criou felizmente sempre fala mais alto. Só não há remédio para a dor, para a perda. E Zezé muito cedo descobrirá isso.A alegria e a tristeza não poderiam estar mais bem combinadas do que nestas páginas. E isso, se não explica, justifica a imensa popularidade alcançada pelo livro.",https://www.travessa.com.br/o-meu-pe-de-laranja-lima-4-ed-2019/artigo/74ebc0f6-bd61-48d4-b94f-5f5f15ef2a48
O pavao misterioso,NA,9788574068299,NA,Português,Brochura,"15,5 x 22,5 x 0,6",64,NA,2018,NA,1ª,NA,NA,"Assis Lima, Ronaldo Correia de Brito",Companhia das Letras,Infantil,"Neste livro que mistura prosa e cordel, Ronaldo Correia de Brito e Assis Lima adaptam para as crianças um dos textos mais famosos da literatura de cordel, conquistando novos leitores com essa aventura ilustrada por Andrés Sandoval.Antônio é um vendedor de cordéis, mas sua carreira não está num momento muito animador, uma vez que muitas pessoas não conhecem mais a arte do cordel. Mas o vendedor fica muito empolgado quando um menino vê sua barraca de encadernações e lhe pede para contar O romance do pavão misterioso, um dos famosos cordéis que ele vende. E é assim que mergulhamos na história de dois irmãos que, depois de receberem uma grande herança de família, passam a se aventurar pelo mundo.Luís, o irmão mais novo, resolve viajar por aí e, ao voltar para sua casa na Turquia, traz de presente para João, o irmão mais velho, o retrato de Creusa, a moça mais linda que já viu! João se encanta na hora e, ao saber que a pobre condessa vive presa em uma torre, resolve libertá-la. Mas será que ele vai conseguir atravessar mares perigosos e enfrentar a guarda do Conde? O único jeito de descobrir é embarcar com ele no pavão misterioso, uma máquina de voar pra lá de diferente, e partir nessa viagem repleta de cordéis em meio à prosa. É hora de alçar voo!",https://www.travessa.com.br/o-pavao-misterioso-1-ed-2018/artigo/6b15324d-e733-45eb-aa83-9fec41ee6a48
O principe medroso e outros contos africanos,Un meravellos llibre de contes de l'africa per a nens i nenes,9788535915402,Literatura,Português,Brochura,16 x 23,136,NA,2009,2005,1ª,NA,NA,Anna Soler-Pont,Seguinte,Juvenil,"Na África, desde sempre os contos e as lendas passaram de geração a geração, sem serem escritos. Os griots (espécie de músico e poeta da África Ocidental, que conserva e transmite a memória oral) os contavam, os pais e os avós decoravam-nos e continuavam a transmiti-los aos mais jovens. Ainda hoje, como diz Anna Soler-Pont na apresentação do livro, “contar contos nas praças dos povoados, nos pátios das casas ou embaixo de uma árvore numa escola rural ainda é uma atividade comum em muitos rincões do continente africano. E os contos continuam muito vivos e mutantes. A mesma história pode ter muitas versões, dependendo de onde é contada e de quem a conta!”.Esta coletânea reúne algumas histórias contadas em vários países, da África subsaariana até o sul do continente. Entre elas há desde as mais conhecidas — como fábulas de animais e mitos de origem — até as mais desconhecidas — como as de princesas e príncipes, entre estes o conto que dá título ao livro.O príncipe medroso e outros contos africanos traz ainda um mapa da África e um glossário com o significado dos termos africanos que aparecem destacados no texto.",https://www.travessa.com.br/o-principe-medroso-e-outros-contos-africanos-1-ed-2009/artigo/8d06aa73-9d2f-45f4-b647-81435adfd0be
O tambor africano e outros contos dos paises africanos de lingua portuguesa,NA,9788565746274,NA,Português,Brochura,14 x 21,92,NA,2013,2013,1ª,NA,NA,Susana Ventura,Volta e Meia,Juvenil,"O leitor reconhecerá em “O Tambor Africano e Outros Contos dos Países Africanos de Língua Portuguesa” as tradicionais histórias de animais características do continente africano. Além disso, terá a oportunidade de conhecer príncipes, princesas, curandeiros e juízes que, no contexto dos países africanos de língua portuguesa, protagonizam algumas das emocionantes histórias deste livro. Contos filosóficos, histórias sobre a formação da terra e sobre os anos de dificuldades em que a seca e a fome afetaram a vida das populações africanas e contos de esperteza completam esse panorama literário dos povos de Angola, Cabo Verde, Guiné-Bissau, Moçambique e São Tomé e Príncipe.",https://www.travessa.com.br/o-tambor-africano-e-outros-contos-dos-paises-africanos-de-lingua-portuguesa-1-ed-2013/artigo/c4aaa5f4-4544-4f84-bead-d2dc5d602c0b
Oliver twist,Oliver twist,9788506006993,NA,Português,Brochura,14 x 21,282,Classicos da literatura,2012,2012,1ª,NA,NA,Charles Dickens,Melhoramentos,Juvenil,"Inglaterra, século XIX, Oliver Twist chegou ao mundo numa noite bem fria e nada promissora. A mãe morreu em seguida, e ninguém tinha a menor idéia de quem fosse o pai. Órfão e pobre, o menino passou por todo tipo de privação, até ser vendido a um coveiro.Maltratado, acabou fugindo e foi viver nas ruas de Londres, onde conheceu Fagin, chefe de uma quadrilha de meninos especialista em furto de jóias. É o início de uma história comovente, cheia de desafios e reviravoltas.Obrigado a roubar, Oliver começa a se meter numa grande enrascada, mas nem imagina que, em meio a tamanha confusão, o destino trará à tona os segredos de sua origem. Tradução e adaptação de Sandra Pina. Ilustrações de Kerem Freitas.",https://www.travessa.com.br/oliver-twist-1-ed-2012/artigo/f91eaf9d-7f61-405c-8e49-81a0494f82a3
Onde esta wally? 2: um passeio na historia,Where's wally now?,9788580632323,Jogos e atividades,Português,Brochura,"25,2 x 31,5",28,Onde esta wally? - vol. 2,2015,2015,2ª,NA,NA,Martin Handford,Martins Fontes - Martins,Infantil,"Acompanhe Wally na sua viagem pelo tempo. Procure-o entre os homens das cavernas, antigos egípcios, romanos, vikings, cavaleiros, camponeses da Idade Média, astecas, samurais, piratas, extraterrestres e muitos, muitos outros.",https://www.travessa.com.br/onde-esta-wally-2-um-passeio-na-historia-2-ed-2015/artigo/b392d495-c464-4561-ae4a-b041235c066b
Os bastidores do incrivel planeta terra: como funcionam nosso mundo e seus ecossistemas,NA,9788521219521,NA,Português,Capa dura,"25,5 x 21,5 x 2",128,NA,2020,NA,1ª,NA,NA,Rachel Ignotofsky,Blucher,Juvenil,"Leitores de todas as idades vão se encantar com este fascinante guia para o nosso maravilhoso lar!Este tour ilustrado pelo planeta Terra explora ecossistemas grandes e pequenos, desde recifes, desertos e florestas tropicais até uma única gota d’água. Com ilustrações, mapas e infográficos, o livro explica como o nosso planeta funciona e como podemos protegê-lo. Mostra também a diversidade de seus ecossistemas e seus habitantes, os níveis ecológicos, a importância da biodiversidade, os ciclos da natureza e muito mais!",https://www.travessa.com.br/os-bastidores-do-incrivel-planeta-terra-como-funcionam-nosso-mundo-e-seus-ecossistemas-1-ed-2020/artigo/42c70463-2aa0-49de-9d45-caec122310fb
Os cientistas e seus experimentos de arromba,Scientists and their mind-blowing experiments,9788535911442,Ciencias,Português,Brochura,13 x 20,192,Mortos de fama,2007,2003,1ª,NA,8ª REIMPRESSAO EM 2013,Mike Goldsmith,Cia. das Letras,Juvenil,"A ciência é parte fundamental do nosso dia-a-dia. Já imaginou como seria a vida sem carro, telefone, computador, pasta de dente? E sem algumas mentes brilhantes que, com seus experimentos e descobertas, revolucionaram o mundo? Pois é, mesmo depois de mortos, os cientistas ainda são como caixinhas de surpresas — e os nove que este livro traz são particularmente incríveis!Aristóteles foi talvez o primeiro “pensador-cientista” da história, pois defendia ser preciso observar o Universo para decifrá-lo, Galileu Galilei criou a lei do movimento e desvendou a estrutura do sistema solar, Isaac Newton explicou a gravidade, além de criar o cálculo infinitesimal, as leis do movimento e da ótica, Michel Faraday elaborou as leis da eletricidade e decifrou os campos de força, Charles Darwin desenvolveu a teoria da evolução pela seleção natural.Gregor Mendel foi o pai da genética, Louis Pasteur salvou milhões de vidas com o estudo sobre a transmissão de doenças por meio de germes e a sua cura com as vacinas, Marie Curie descobriu o rádio, o polônio e a radioatividade, e Albert Einstein provou que os átomos existem e que tudo é relativo. Mas é claro que ainda fizeram muito mais. Aqui você vai conhecer a história secreta de cada um deles graças aos seus secretos cadernos de anotações, vai ler as reportagens sobre as suas descobertas que viraram manchete e saber tudo sobre suas fantásticas experiências.",https://www.travessa.com.br/os-cientistas-e-seus-experimentos-de-arromba-1-ed-2007/artigo/bdea1835-dd9e-4d37-92bf-af7efd825a96
Os meninos da rua paulo,A pál utcai fiúk,9788535928464,NA,Português,Brochura,"13,8 x 21",280,NA,2017,2016,1ª,NA,NA,Ferenc Molnar,Companhia das Letras,Juvenil,"Publicada em 1907, a história dos meninos que travam batalhas pela posse do “grund” da rua Paulo, um pedaço de terra cercado onde se brinca à vontade, é conhecida por leitores de todo o mundo. A luta pelo “grund” vai além da vontade de comandar o local: ali, infância e fantasia prevalecem sobre as imposições do mundo adulto. O espírito de aventura, amizade e heroísmo presente nesta obra é capaz de transpor qualquer barreira de tempo, espaço ou idade. Esta nova edição conta com, além dos textos presentes na anterior, uma orelha assinada por Luiz Schwarcz, um posfácio de Michel Laub e um glossário.",https://www.travessa.com.br/os-meninos-da-rua-paulo-1-ed-2017/artigo/b33b0f35-1434-4458-8f6d-15345ef6799a
Os miseraveis,NA,9788508089840,NA,Português,Brochura,"26,3 x 27,3",64,O tesouro dos classicos,2004,NA,1ª,NA,NA,Victor Hugo,Ática,Infantil,"Depois de quase vinte anos preso, Jean Valjean sai às ruas novamente, mas todas as portas parecem estar fechadas para ele. Até conhecer uma pessoa que transforma sua vida e o deixa determinado a se tornar um homem bom. Esta edição de 'Os miseráveis' narra o início da grande obra de Victor Hugo, com ilustrações que reforçam os dramas vividos pelas personagens. No final, o leitor encontra ainda um apêndice sobre o autor e sua época - referências importantes para compreender as agruras da Paris do século XIX e, assim, tornar-se sensível a esta comovente história de solidariedade e esperança.",https://www.travessa.com.br/os-miseraveis-1-ed-2004/artigo/00653e9c-63bf-44f4-8761-88f2ef2f6ffc
Os nove pentes d'africa,NA,9788571604858,NA,Português,Brochura,14 x 21,56,NA,2009,2009,1ª,NA,NA,Cidinha da Silva,Mazza Edições,Infantil,"Em Os nove pentes d’África, estreia de Cidinha da Silva na cena literária juvenil, tradição e contemporaneidade tecem um bordado de poesia e surpresa na tela de uma família negra brasileira. Os pentes herdados pelos nove netos de Francisco Ayrá são a pedra de toque para abordar a pulsão de vida presente nas experiências das personagens e dos rituais cotidianos da narrativa.",https://www.travessa.com.br/os-nove-pentes-d-africa-1-ed-2009/artigo/776e6ddf-e644-457b-911f-f0fe22674604
Palmares de zumbi,NA,9788582865033,NA,Português,Brochura,"14 x 21 x 1,4",176,NA,2021,2019,1ª,NA,NA,Leonardo Chalub,Nemo,Juvenil,"VENCEDOR DO PRÊMIO JABUTI 2020 NA CATEGORIA JUVENILBrasil, 1667. O jovem Francisco, capturado quando criança e entregue à Igreja, vive como coroinha em Porto Calvo, sonhando com a liberdade. Ágil e silencioso, explora o vilarejo à noite, pregando peças, vingando os negros mortos no tronco e aterrorizando feitores e senhores de engenho como um fantasma – ou um nzumbi, em quimbundo, a língua típica de Angola.Quando surge uma oportunidade de fuga, Francisco a aproveita, dando início a sua jornada para se tornar aquele que a história não esqueceria: Zumbi dos Palmares, filho de Angola Janga.Palmares de Zumbi traz uma releitura da saga de um dos maiores heróis negros do Brasil, lançando uma nova luz sobre esse grande homem – guerreiro, capoeirista, rei –, mas também sobre um Palmares que não seria o que foi sem Zumbi. Uma homenagem ao herói, narrada com paixão e reverência à cultura da capoeira e ao líder quilombola.",https://www.travessa.com.br/palmares-de-zumbi-1-ed-2019/artigo/b5b72f0f-5aef-41c7-ad73-fdd34454c549
Pequeno dicionario houaiss da lingua portuguesa com codigo de acesso ao dicionario digital,NA,9788516101473,NA,Português,Brochura,"14 x 21 x 4,3",1118,NA,2015,2015,1ª,NA,NA,Instituto Antonio Houaiss,Moderna,Dicionários,"Integralmente redigido segundo o acordo ortográfico, o novo “Pequeno Dicionário Houaiss da Língua Portuguesa - 2ª Ed. 2015” apresenta as regras de acentuação, hifenização e grafia.",https://www.travessa.com.br/pequeno-dicionario-houaiss-da-lingua-portuguesa-com-codigo-de-acesso-ao-dicionario-digital-1-ed-2015/artigo/e66e5146-81d5-486a-95f4-57e6c0ff1da2
Percy jackson e os olimpianos: o ladrao de raios (ediçao especial),The lightning thief.,9788580575392,NA,Português,Brochura,14 x 21,400,Percy jackson e os olimpianos - vol. 1,2014,2005,1ª,NA,NA,Rick Riordan,Intrínseca,Juvenil,"Os cinco livros da série que se tornou fenômeno mundial, em edição limitada e com design exclusivo: as cinco lombadas dos livros compõem, juntas, uma ilustração especial de John Rocco.Em O ladrão de raios, Percy Jackson, o menino que aos doze anos descobre que é um semideus, filho de Poseidon, precisa impedir uma guerra entre os deuses que destruiria a civilização ocidental, em O Mar de Monstros, ele e os amigos se envolvem em uma perigosa aventura para defender o acampamento dos semideuses, em A maldição do titã, Percy descobre que o Senhor dos Titãs despertou e está disposto a destruir a humanidade, em A batalha do Labirinto, o semideus vai combater o perigoso titã no temido Labirinto de Dédalo e em O último olimpiano, Percy tem que lidar não só com o exército de Cronos, mas também com a chegada de seu décimo sexto aniversário — e, assim, com a profecia que determinará seu destino.",https://www.travessa.com.br/percy-jackson-e-os-olimpianos-o-ladrao-de-raios-edicao-especial/artigo/a4053811-63b2-4dd3-8378-f2ed45121142
Prisioneiros da geografia para jovens leitores: nosso mundo explicado em 12 mapas,Prisoners of geography,9788566642698,NA,Português,Capa dura,"25,2 x 31 x 1,2",80,NA,2020,2019,1ª,NA,Altamente Recomendável FNLIJ - 2021,Tim Marshall,Pequena Zahar,Juvenil,"Versão infantojuvenil ricamente ilustrada do grande sucesso Prisioneiros da geografia.Deslumbrante edição resumida e ilustrada do best-seller internacional Prisioneiros da geografia, esta reveladora introdução aos assuntos do mundo irá inspirar mentes curiosas e jovens leitores em toda parte.Por que a geografia dificulta o desenvolvimento do Brasil? Como os Estados Unidos se tornaram uma superpotência? E por que alguns países são tão ricos enquanto outros são tão pobres?Descubra as respostas para essas e muitas outras perguntas neste livro único e extraordinário. Por meio de incríveis mapas ilustrados, você vai entender como a geografia influenciou a história do mundo. E vai saber, entre outras coisas, por que as escolhas dos líderes mundiais são determinadas por montanhas, rios e mares e por que os povos entram em guerra.",https://www.travessa.com.br/prisioneiros-da-geografia-para-jovens-leitores-nosso-mundo-explicado-em-12-mapas-1-ed-2020/artigo/3a7a506e-017b-4158-9bb7-307bb00f5c00
"Reis, moscas e um gole de astucia: contos de fadas para pensar sobre justiça",NA,9788578482268,NA,Português,Brochura,"16 x 23 x 0,7",120,Contos e contadoras - vol. 3,2018,NA,1ª,NA,NA,"Susana Ventura, Helena Gomes",Biruta,Juvenil,"Ser justo é ser correto? Quem pode dizer se determinado ato é justo ou injusto? E se uma decisão for justa para uma pessoa e injusta para outra?Nos contos de fadas, a justiça marca presença. Às vezes, está concentrada nas mãos de reis e príncipes, que a exercem de acordo com os seus interesses. Em outros momentos, aparece nas atitudes de heróis e heroínas que, a cada passo, devem fazer as próprias escolhas.Será que, em contos tão antigos e variados como os que estão neste livro, a justiça se parece com aquela que conhecemos hoje?",https://www.travessa.com.br/reis-moscas-e-um-gole-de-astucia-contos-de-fadas-para-pensar-sobre-justica-1-ed-2018/artigo/27100b2c-b315-4e96-90ca-6fb42e7564e8
Romeu e julieta,NA,9788573191325,NA,NA,Capa dura,NA,NA,NA,1996,NA,1ª,NA,NA,William Shakespeare,Dimensão,Infantil,Sinopse não disponível.,https://www.travessa.com.br/romeu-e-julieta-1-ed-1996/artigo/69129d62-acb5-408a-a70b-ac7ac49751eb
Romeu e julieta em cordel,NA,9788574922119,NA,Português,Brochura,16 x 23,48,Classicos em cordel,2011,2011,1ª,NA,NA,William Shakespeare,Nova Alexandria,Literatura Estrangeira,"O consagrado repentista Sebastião Marinho recria, neste livro, em versos de cordel, a clássica tragédia escrita por William Shakespeare:Vasculhando alfarrábiosDesbotados na gaveta,Deparei-me com a obraMaior de todo planeta:É a shakespearianaDe Romeu e Julieta.E a Coleção Clássicos em Cordel ganha mais um título de grande beleza poética.",https://www.travessa.com.br/romeu-e-julieta-em-cordel-1-ed-2011/artigo/2100ec48-57ae-4ded-a54c-1ae3786e04d4
Sejamos todos feministas (ediçao de luxo ilustrada),We should all be feminists,9788574068916,NA,Português,Capa dura,"17,5 x 19,7 x 1",88,NA,2021,NA,1ª,NA,NA,Chimamanda Ngozi Adichie,Companhia das Letrinhas,Juvenil,"Nesta edição adaptada para leitores de todas as idades e ricamente ilustrada, Chimamanda Ngozi Adichie convida os jovens a refletir sobre o que significa ser feminista no século XXI. A autora deste livro, Chimamanda Ngozi Adichie, é escritora e feminista. Mas, afinal, o que é ser feminista? Quando ouviu essa palavra pela primeira vez, Chimamanda ainda era criança e morava na Nigéria, país em que nasceu. Desde então, ela pensou muito sobre o termo — e sobre os direitos das mulheres no mundo. Anos mais tarde, ela compartilhou suas reflexões sobre igualdade a todos, homens e mulheres, e você as encontra neste livro. E agora é a sua vez de refletir sobre o assunto também!  Além do texto adaptado para leitores de todas as idades, esta edição ilustrada também contém uma introdução para os jovens e um texto de encerramento para pais, professores e mediadores de leitura. Este livro é indicado para crianças a partir de 10 anos.",https://www.travessa.com.br/sejamos-todos-feministas-edicao-de-luxo-ilustrada/artigo/d00000cc-7956-4973-817d-74464505397a
Sonho de uma noite de verao,NA,9788541810562,NA,Português,Brochura,12 x 19,240,Barco a vapor - serie vermelha,2015,NA,2ª,NA,NA,William Shakespeare,Edições SM,Juvenil,"Esta adaptação romanceada de Sonho de uma noite de verão, comédia de William Shakespeare, que se passa em Atenas, Grécia, durante o reinado de Teseu, é uma excelente porta de entrada para os jovens tomarem contato com a obra deste dramaturgo, tido como o mais influente de todos os tempos.",https://www.travessa.com.br/sonho-de-uma-noite-de-verao-2-ed-2015/artigo/2e198208-1c7b-4f52-b3bf-c68c49bb52dc
Uma bolota molenga e feliz,Big mushy happy lump,9788555340451,NA,Português,Capa dura,"16 x 19,6",130,NA,2017,2017,1ª,NA,NA,Sarah Andersen,Seguinte,HQ e Desenho Animado,"As incríveis tirinhas de Sarah Andersen são para nós, que não economizamos dinheiro na livraria, vivemos à base de café, deixamos tudo para a última hora, somos especialistas em roubar o blusão alheio, não sabemos nos comportar em situações sociais e insistimos em Pensar Demais. Esta segunda coletânea continua exatamente onde a primeira parou: debaixo de uma pilha de cobertas, evitando as responsabilidades do mundo real.Este volume traz tiras que acompanham os altos e baixos da montanha-russa implacável que é o começo da vida adulta, além de ensaios ilustrados sobre experiências pessoais da autora ligadas a ansiedade, carreira, relacionamentos e amor por gatinhos. Tudo isso com o mesmo tom sincero, leve e divertido que já conquistou mais de 2 milhões de fãs no Facebook.",https://www.travessa.com.br/uma-bolota-molenga-e-feliz-1-ed-2017/artigo/3b07df95-4544-47a8-a81e-a637f058546a
Uma noite muito muito estrelada,NA,9788541816380,NA,Português,Brochura,"20,5 x 27 x 1",144,NA,2016,2009,2ª,NA,NA,Jimmy Liao,Edições SM,Infantil,"Naquela época, o futuro não tinha nem nome. Os pai vivam ocupados, o avô havia morrido, tinha poucos amigos na escola.Em meio à existência solitária, uma pergunta insistia no coração da menina: ""Um dia alguém vai olhar para mim?"". Como uma estrela cadente, o amigo veio e se foi. Mas deixou o brilho de uma noite de verão.",https://www.travessa.com.br/uma-noite-muito-muito-estrelada-2-ed-2016/artigo/e010e701-1b20-400a-a25c-7abc9bf3bf22
Uma vez,Once,9788577533640,NA,Português,Brochura,"13,5 x 20,8",160,NA,2017,2017,1ª,NA,NA,Morris Gleitzman,Paz e Terra,Juvenil,"Felix Salinger, um menino judeu que mora na Polônia, adora ler e é ótimo em escrever e contar histórias. E é isso o que ele mais faz enquanto espera, num orfanato católico, o pai e a mãe, que foram cuidar da livraria da família. Uma vez, na fila do jantar, Felix ganhou uma sopa com uma cenoura inteira. Naqueles tempos em que era impossível até mesmo ter pão fresquinho no café da manhã, uma cenoura inteira só podia ser um sinal. A mensagem ficou mais clara quando livros judeus da biblioteca do orfanato foram transformados em uma imensa fogueira. Seus pais e a livraria da família estavam em perigo. O garoto sabia que precisava voltar para casa para ajudá-los.Assim começa a jornada de Felix por um país tomado por soldados nazistas, vizinhos delatores, mas também por pessoas dispostas a ajudar. A incrível imaginação do garoto é sua melhor companhia para compreender a terrível realidade que o cerca.Este é um livro especial, que nos faz testemunhas do horror do Holocausto pelo doce e inocente olhar de uma criança. É uma história delicada, que nos faz pensar sobre intolerância, racismo, abuso de poder, perda e luto. Mas que também afirma o poder da amizade, da perseverança e da literatura para construir um mundo melhor.",https://www.travessa.com.br/uma-vez-1-ed-2017/artigo/410b599c-f691-4e2a-b0a1-622616e57387
Valentes: historias de pessoas refugiadas no brasil,NA,9788555340963,NA,Português,Brochura,"20,2 x 25 x 1,7",288,NA,2020,2020,1ª,NA,NA,"Aryane Cararo, Duda Porto de Souza",Seguinte,Juvenil,"Das mesmas autoras de Extraordinárias, Valentes é uma obra de referência sobre o tema do refúgio no Brasil. A questão dos refugiados tem ganhado holofotes pelo mundo inteiro, mas o preconceito, a xenofobia, as fake news e o medo frequentemente atrapalham a discussão. Para auxiliar na compreensão desse tema tão complexo e combater a desinformação, as jornalistas Aryane Cararo e Duda Porto de Souza reuniram histórias de vida emocionantes, de pessoas de mais de quinze nacionalidades, que vieram para o nosso país pelos mais variados motivos — desde dificuldades financeiras até perseguição baseada em raça, religião, nacionalidade, orientação sexual, identidade de gênero ou opinião política —, todas em busca de um lugar onde pudessem de fato viver. Com uma linguagem acessível, a obra também traça um panorama histórico do refúgio no Brasil e no mundo, apresentando conceitos e dados, e traz infográficos sobre os principais conflitos que geraram esses fluxos migratórios. O resultado é um material humano e sensível, que dá voz a quem precisa ser ouvido e celebra as diferenças que tornam nossa nação tão plural. “A ampla pesquisa e os recortes históricos de Valentes tornam a obra uma referência de informação da causa que nos une: a humanitária.” — Agência da ONU para Refugiados (ACNUR)",https://www.travessa.com.br/valentes-historias-de-pessoas-refugiadas-no-brasil-1-ed-2020/artigo/12929d1c-daf4-49ff-b18e-441aab853b1f
Vinicius menino,NA,9788535913880,Poesia brasileira,Português,Brochura,"14 x 22,5",64,NA,2009,2009,1ª,NA,NA,Vinicius de Moraes,Seguinte,Juvenil,"Vinicius menino reúne doze textos em verso e prosa de Vinicius de Moraes, alguns recolhidos de livros do autor, alguns inéditos. Neles, Vinicius fala principalmente de sua infância e juventude. Movido pela memória, e pela sensibilidade de um poe ta que já foi menino, ele escreve sobre a casa de sua mãe, a casa de seus avós, sobre seus parentes e amigos, sobre os banhos de mar, as brincadeiras, os desafios e as aventuras. Fala sobre os bichos — galinha, vaca, boi, pomba, formiga, mosquito... Brinca de dicionário, procurando palavras e escrevendo sobre elas. Como diz Eucanaã Ferraz, responsável pela idealização do volume: “Há muita alegria e risada, sim, mas há lugar também para a solidão, o silêncio, a dúvida e a emoção”.Com ilustrações coloridas de Marcelo Cipis e projeto gráfico de Raul Loureiro e Cláudia Warrak — que assinam todo o novo projeto da coleção Vinicius de Moraes —, Vinicius menino traz um retrato inédito de um dos maiores nomes da literatura brasileira.",https://www.travessa.com.br/vinicius-menino-1-ed-2009/artigo/7f351a6e-79b1-4ae0-87c7-5ee42ae9460e
Zoom,Zoom,9788585357368,NA,Português,Brochura,"18 x 22,5",64,NA,1995,1995,1ª,NA,NA,Istvan Banyai,Brinque Book,Infantil,"Este livro provocante, sem palavras, pode ser lido tanto de trás para frente como de frente para trás. Suas ilustrações dão a ilusão como se o leitor tivesse se afastado rapidamente de cada página. Os leitores que se preparem para uma aventura não só surpreendente como até filosófica.",https://www.travessa.com.br/zoom-1-ed-1995/artigo/bf3422b2-6dc3-4419-9141-3faa8c181c8e
